{
  "http_interactions": [
    {
      "request": {
        "method": "get",
        "uri": "http://dev.cms.ikcrm.com:3000/v1/promotion_pushers/1.json",
        "body": {
          "encoding": "US-ASCII",
          "string": ""
        },
        "headers": {
          "Access-Token": [
            "0sFc4mpJfhCRO3FQ7BqsZTeCsmbylCxdKz44Qd3Zr8UbpLdmoNL0ORRmx-fQa3ZKlS8"
          ]
        }
      },
      "response": {
        "status": {
          "code": 200,
          "message": "OK"
        },
        "headers": {
          "X-Frame-Options": [
            "SAMEORIGIN"
          ],
          "X-Xss-Protection": [
            "1; mode=block"
          ],
          "X-Content-Type-Options": [
            "nosniff"
          ],
          "Content-Type": [
            "application/json; charset=utf-8"
          ],
          "Cache-Control": [
            "no-store, must-revalidate, private, max-age=0"
          ],
          "X-Request-Id": [
            "b75683fc-52eb-45ab-9c3c-0d07627ace1d"
          ],
          "X-Runtime": [
            "0.037063"
          ],
          "Set-Cookie": [
            "__profilin=p%3Dt; path=/",
            "__profilin=p%3Dt; path=/",
            "__profilin=p%3Dt; path=/"
          ],
          "X-Miniprofiler-Ids": [
            "[\"1lfu7dnhxoqo1tx1aa0q\",\"9u2imjleq81rhe5h6m42\",\"o54l85c4q0en70wxtiyv\",\"5c9r6vprwelfxftmo24v\",\"wqpg5ufl4xn0iquc4n4c\"]"
          ],
          "Connection": [
            "close"
          ],
          "Server": [
            "thin"
          ]
        },
        "body": {
          "encoding": "ASCII-8BIT",
          "string": "{\"code\":\"200\",\"msg\":\"ok\",\"data\":{\"promotion_pusher\":{\"id\":\"1\",\"is_all\":true,\"image_url\":\"/images/original/missing.png\",\"organization_ids\":[1,2,3,4,5],\"button_link_type\":\"参数链接\",\"button_link\":\"/logs\",\"button_link_h5\":\"/logs1\",\"product_type\":\"爱客CRM钉钉版\",\"role_type\":\"普通管理员和超级管理员\",\"pusher_type\":\"图文消息\",\"expected_corp_count\":0,\"expected_user_count\":0,\"title\":\"adsfdasf\",\"description\":\"asdfasdfasdfas\",\"button_text\":\"详情\"}}}"
        },
        "http_version": null
      },
      "recorded_at": "Wed, 21 Mar 2018 17:12:38 GMT"
    },
    {
      "request": {
        "method": "post",
        "uri": "https://oapi.dingtalk.com/service/get_suite_token",
        "body": {
          "encoding": "UTF-8",
          "string": "{\"suite_key\":\"string\",\"suite_secret\":\"string\",\"suite_ticket\":\"string\"}"
        },
        "headers": {
          "Content-Type": [
            "application/json"
          ]
        }
      },
      "response": {
        "status": {
          "code": 200,
          "message": "OK"
        },
        "headers": {
          "Date": [
            "Wed, 21 Mar 2018 17:12:40 GMT"
          ],
          "Content-Type": [
            "application/json"
          ],
          "Content-Length": [
            "59"
          ],
          "Connection": [
            "keep-alive"
          ],
          "Cache-Control": [
            "no-cache"
          ]
        },
        "body": {
          "encoding": "ASCII-8BIT",
          "string": "{\"errcode\":40088,\"errmsg\":\"不合法的套件key或secret\"}"
        },
        "http_version": null
      },
      "recorded_at": "Wed, 21 Mar 2018 17:12:41 GMT"
    },
    {
      "request": {
        "method": "post",
        "uri": "https://oapi.dingtalk.com/service/get_suite_token",
        "body": {
          "encoding": "UTF-8",
          "string": "{\"suite_key\":\"string\",\"suite_secret\":\"string\",\"suite_ticket\":\"string\"}"
        },
        "headers": {
          "Content-Type": [
            "application/json"
          ]
        }
      },
      "response": {
        "status": {
          "code": 200,
          "message": "OK"
        },
        "headers": {
          "Date": [
            "Wed, 21 Mar 2018 17:12:40 GMT"
          ],
          "Content-Type": [
            "application/json"
          ],
          "Content-Length": [
            "59"
          ],
          "Connection": [
            "keep-alive"
          ],
          "Cache-Control": [
            "no-cache"
          ]
        },
        "body": {
          "encoding": "ASCII-8BIT",
          "string": "{\"errcode\":40088,\"errmsg\":\"不合法的套件key或secret\"}"
        },
        "http_version": null
      },
      "recorded_at": "Wed, 21 Mar 2018 17:12:41 GMT"
    },
    {
      "request": {
        "method": "post",
        "uri": "https://oapi.dingtalk.com/service/get_suite_token",
        "body": {
          "encoding": "UTF-8",
          "string": "{\"suite_key\":\"string\",\"suite_secret\":\"string\",\"suite_ticket\":\"string\"}"
        },
        "headers": {
          "Content-Type": [
            "application/json"
          ]
        }
      },
      "response": {
        "status": {
          "code": 200,
          "message": "OK"
        },
        "headers": {
          "Date": [
            "Wed, 21 Mar 2018 17:12:40 GMT"
          ],
          "Content-Type": [
            "application/json"
          ],
          "Content-Length": [
            "59"
          ],
          "Connection": [
            "keep-alive"
          ],
          "Cache-Control": [
            "no-cache"
          ]
        },
        "body": {
          "encoding": "ASCII-8BIT",
          "string": "{\"errcode\":40088,\"errmsg\":\"不合法的套件key或secret\"}"
        },
        "http_version": null
      },
      "recorded_at": "Wed, 21 Mar 2018 17:12:41 GMT"
    }
  ],
  "recorded_with": "VCR 4.0.0"
}
